epoch,lr-Adam,step,train_loss_epoch,train_loss_step,val_MAE,val_MAPE,val_RMSE,val_SMAPE,val_loss
,0.001,0,,,,,,,
0,,9,,0.681901216506958,,,,,
0,,19,,0.6760343909263611,,,,,
0,,29,,0.6808249950408936,,,,,
0,,39,,0.6977604627609253,,,,,
0,,49,,0.6423514485359192,,,,,
0,,59,,0.6676915884017944,,,,,
0,,69,,0.6624217629432678,,,,,
0,,79,,0.659393310546875,,,,,
0,,89,,0.6812940239906311,,,,,
0,,99,,0.6717629432678223,,,,,
0,,109,,0.6509028673171997,,,,,
0,,119,,0.6881343126296997,,,,,
0,,129,,0.6808251738548279,,,,,
0,,139,,0.678749144077301,,,,,
0,,149,,0.6705253720283508,,,,,
0,,159,,0.6867632269859314,,,,,
0,,169,,0.7039520740509033,,,,,
0,,179,,0.702667236328125,,,,,
0,,189,,0.6464276909828186,,,,,
0,,199,,0.6629267930984497,,,,,
0,,209,,0.6613167524337769,,,,,
0,,219,,0.6779902577400208,,,,,
0,,229,,0.6705911755561829,,,,,
0,,239,,0.6636134386062622,,,,,
0,,249,,0.6651729345321655,,,,,
0,,259,,0.6641126275062561,,,,,
0,,269,,0.6825395226478577,,,,,
0,,279,,0.6817713975906372,,,,,
0,,289,,0.6912089586257935,,,,,
0,,299,,0.6721366047859192,,,,,
0,,309,,0.6444440484046936,,,,,
0,,319,,0.6721125245094299,,,,,
0,,329,,0.6822357177734375,,,,,
0,,339,,0.6843956708908081,,,,,
0,,349,,0.67877197265625,,,,,
0,,359,,0.6672188639640808,,,,,
0,,369,,0.6747763156890869,,,,,
0,,379,,0.6726335883140564,,,,,
0,,389,,0.6919054388999939,,,,,
0,,399,,0.6487342715263367,,,,,
0,,409,,0.6796590089797974,,,,,
0,,419,,0.6668605208396912,,,,,
0,,429,,0.6751905083656311,,,,,
0,,439,,0.6560841202735901,,,,,
0,,449,,0.6987174153327942,,,,,
0,,459,,0.6822139024734497,,,,,
0,,469,,0.6844461560249329,,,,,
0,,479,,0.6745823621749878,,,,,
0,,489,,0.6863795518875122,,,,,
0,,499,,0.6687394976615906,,,,,
0,,509,,0.6736788749694824,,,,,
0,,519,,0.6720188856124878,,,,,
0,,529,,0.6831578016281128,,,,,
0,,539,,0.6872035264968872,,,,,
0,,549,,0.6621970534324646,,,,,
0,,559,,0.6825702786445618,,,,,
0,,569,,0.687517523765564,,,,,
0,,579,,0.6720479726791382,,,,,
0,,589,,0.6412571668624878,,,,,
0,,599,,0.6278206706047058,,,,,
0,,609,,0.694122314453125,,,,,
0,,619,,0.666591465473175,,,,,
0,,629,,0.6716875433921814,,,,,
0,,639,,0.6651197075843811,,,,,
0,,649,,0.6762324571609497,,,,,
0,,659,,0.6927337646484375,,,,,
0,,669,,0.6644377708435059,,,,,
0,,679,,0.6479261517524719,,,,,
0,,689,,0.6775054931640625,,,,,
0,,699,,0.6826837658882141,,,,,
0,,709,,0.6625658273696899,,,,,
0,,719,,0.6505565047264099,,,,,
0,,729,,0.6519666314125061,,,,,
0,,739,,0.6841785907745361,,,,,
0,,749,,0.6733441948890686,,,,,
0,,759,,0.6547304391860962,,,,,
0,,769,,0.6566750407218933,,,,,
0,,779,,0.679773211479187,,,,,
0,,789,,0.6477360129356384,,,,,
0,,799,,0.6486119031906128,,,,,
0,,809,,0.6685195565223694,,,,,
0,,819,,0.6837485432624817,,,,,
0,,829,,0.6412959098815918,,,,,
0,,839,,0.6732127070426941,,,,,
0,,849,,0.6783338189125061,,,,,
0,,859,,0.6797114610671997,,,,,
0,,869,,0.6586020588874817,,,,,
0,,879,,0.6771169304847717,,,,,
0,,889,,0.6722171902656555,,,,,
0,,899,,0.6475437879562378,,,,,
0,,909,,0.6733986735343933,,,,,
0,,919,,0.6950125098228455,,,,,
0,,920,,,0.33834585547447205,4761905.0,0.5816750526428223,0.6766917109489441,0.6373893618583679
0,,920,0.6747155785560608,,,,,,
,0.001,921,,,,,,,
1,,929,,0.6522979736328125,,,,,
1,,939,,0.6667841672897339,,,,,
1,,949,,0.6607378125190735,,,,,
1,,959,,0.6991310715675354,,,,,
1,,969,,0.6636614203453064,,,,,
1,,979,,0.6427712440490723,,,,,
1,,989,,0.6925702691078186,,,,,
1,,999,,0.6811566948890686,,,,,
1,,1009,,0.6604766845703125,,,,,
1,,1019,,0.6569366455078125,,,,,
1,,1029,,0.6729941964149475,,,,,
1,,1039,,0.6589726209640503,,,,,
1,,1049,,0.6457236409187317,,,,,
1,,1059,,0.6831207275390625,,,,,
1,,1069,,0.6769910454750061,,,,,
1,,1079,,0.6733899712562561,,,,,
1,,1089,,0.6752951741218567,,,,,
1,,1099,,0.6771264672279358,,,,,
1,,1109,,0.6880253553390503,,,,,
1,,1119,,0.6598110795021057,,,,,
1,,1129,,0.6852547526359558,,,,,
1,,1139,,0.6569214463233948,,,,,
1,,1149,,0.6743382215499878,,,,,
1,,1159,,0.6606317758560181,,,,,
1,,1169,,0.6646270751953125,,,,,
1,,1179,,0.6438649296760559,,,,,
1,,1189,,0.6570149660110474,,,,,
1,,1199,,0.6917064189910889,,,,,
1,,1209,,0.6760333180427551,,,,,
1,,1219,,0.6641523838043213,,,,,
1,,1229,,0.6564221978187561,,,,,
1,,1239,,0.6525856852531433,,,,,
1,,1249,,0.6439186930656433,,,,,
1,,1259,,0.6725070476531982,,,,,
1,,1269,,0.6690769791603088,,,,,
1,,1279,,0.6495145559310913,,,,,
1,,1289,,0.6610804796218872,,,,,
1,,1299,,0.6634346842765808,,,,,
1,,1309,,0.6538777351379395,,,,,
1,,1319,,0.6622248888015747,,,,,
1,,1329,,0.6867311000823975,,,,,
1,,1339,,0.6908503770828247,,,,,
1,,1349,,0.6477280855178833,,,,,
1,,1359,,0.668645441532135,,,,,
1,,1369,,0.6712962985038757,,,,,
1,,1379,,0.6628106832504272,,,,,
1,,1389,,0.6587654948234558,,,,,
1,,1399,,0.6679949164390564,,,,,
1,,1409,,0.6504982709884644,,,,,
1,,1419,,0.6888130307197571,,,,,
1,,1429,,0.6698430776596069,,,,,
1,,1439,,0.6718968152999878,,,,,
1,,1449,,0.6743904948234558,,,,,
1,,1459,,0.6586434245109558,,,,,
1,,1469,,0.6462798118591309,,,,,
1,,1479,,0.6680886149406433,,,,,
1,,1489,,0.6456616520881653,,,,,
1,,1499,,0.6339778304100037,,,,,
1,,1509,,0.6494042277336121,,,,,
1,,1519,,0.6608973741531372,,,,,
1,,1529,,0.6728228330612183,,,,,
1,,1539,,0.6625222563743591,,,,,
1,,1549,,0.6695970892906189,,,,,
1,,1559,,0.6542271375656128,,,,,
1,,1569,,0.6588963270187378,,,,,
1,,1579,,0.6447862982749939,,,,,
1,,1589,,0.6720242500305176,,,,,
1,,1599,,0.6860875487327576,,,,,
1,,1609,,0.6773902177810669,,,,,
1,,1619,,0.6526751518249512,,,,,
1,,1629,,0.6559339165687561,,,,,
1,,1639,,0.6657082438468933,,,,,
1,,1649,,0.6805279850959778,,,,,
1,,1659,,0.6513802409172058,,,,,
1,,1669,,0.6775109767913818,,,,,
1,,1679,,0.6588461995124817,,,,,
1,,1689,,0.6666272282600403,,,,,
1,,1699,,0.6622739434242249,,,,,
1,,1709,,0.6741551160812378,,,,,
1,,1719,,0.6592036485671997,,,,,
1,,1729,,0.6808186173439026,,,,,
1,,1739,,0.6638161540031433,,,,,
1,,1749,,0.6824842095375061,,,,,
1,,1759,,0.6819252967834473,,,,,
1,,1769,,0.6651760935783386,,,,,
1,,1779,,0.6351078748703003,,,,,
1,,1789,,0.6186676025390625,,,,,
1,,1799,,0.6927054524421692,,,,,
1,,1809,,0.6587945222854614,,,,,
1,,1819,,0.6814117431640625,,,,,
1,,1829,,0.6418153047561646,,,,,
1,,1839,,0.641511082649231,,,,,
1,,1841,,,0.3333333432674408,2255639.5,0.5773502588272095,0.6666666865348816,0.6126400232315063
1,,1841,0.668300211429596,,,,,,
,0.001,1842,,,,,,,
2,,1849,,0.6716609001159668,,,,,
2,,1859,,0.6565726399421692,,,,,
2,,1869,,0.6748978495597839,,,,,
2,,1879,,0.6800628304481506,,,,,
2,,1889,,0.6576082110404968,,,,,
2,,1899,,0.651358425617218,,,,,
2,,1909,,0.6757529377937317,,,,,
2,,1919,,0.6775054931640625,,,,,
2,,1929,,0.6818398833274841,,,,,
2,,1939,,0.6517540812492371,,,,,
2,,1949,,0.6856013536453247,,,,,
2,,1959,,0.6753517985343933,,,,,
2,,1969,,0.649949312210083,,,,,
2,,1979,,0.6532178521156311,,,,,
2,,1989,,0.6705452799797058,,,,,
2,,1999,,0.6576569676399231,,,,,
2,,2009,,0.6368040442466736,,,,,
2,,2019,,0.6660507321357727,,,,,
2,,2029,,0.6515647172927856,,,,,
2,,2039,,0.6670541763305664,,,,,
2,,2049,,0.6802498698234558,,,,,
2,,2059,,0.6693878173828125,,,,,
2,,2069,,0.7128764390945435,,,,,
2,,2079,,0.6886101365089417,,,,,
2,,2089,,0.6603197455406189,,,,,
2,,2099,,0.6556614637374878,,,,,
2,,2109,,0.6665786504745483,,,,,
2,,2119,,0.6562895774841309,,,,,
2,,2129,,0.6342433094978333,,,,,
2,,2139,,0.6520240902900696,,,,,
2,,2149,,0.6941964030265808,,,,,
2,,2159,,0.6527917385101318,,,,,
2,,2169,,0.6590728759765625,,,,,
2,,2179,,0.6730325222015381,,,,,
2,,2189,,0.6708446145057678,,,,,
2,,2199,,0.6603625416755676,,,,,
2,,2209,,0.6696385145187378,,,,,
2,,2219,,0.6776798963546753,,,,,
2,,2229,,0.6736602783203125,,,,,
2,,2239,,0.670623779296875,,,,,
2,,2249,,0.6728130578994751,,,,,
2,,2259,,0.6883690357208252,,,,,
2,,2269,,0.6692693829536438,,,,,
2,,2279,,0.6839767098426819,,,,,
2,,2289,,0.656158447265625,,,,,
2,,2299,,0.6624338030815125,,,,,
2,,2309,,0.6684918999671936,,,,,
2,,2319,,0.670544445514679,,,,,
2,,2329,,0.6723458170890808,,,,,
2,,2339,,0.6747632622718811,,,,,
2,,2349,,0.6937403678894043,,,,,
2,,2359,,0.6801932454109192,,,,,
2,,2369,,0.6712765693664551,,,,,
2,,2379,,0.6739611029624939,,,,,
2,,2389,,0.6814935803413391,,,,,
2,,2399,,0.6821404099464417,,,,,
2,,2409,,0.6523810625076294,,,,,
2,,2419,,0.6767600178718567,,,,,
2,,2429,,0.672910749912262,,,,,
2,,2439,,0.6483260989189148,,,,,
2,,2449,,0.693898618221283,,,,,
2,,2459,,0.6462113261222839,,,,,
2,,2469,,0.6769945621490479,,,,,
2,,2479,,0.6490761041641235,,,,,
2,,2489,,0.6835413575172424,,,,,
2,,2499,,0.665907621383667,,,,,
2,,2509,,0.6819264888763428,,,,,
2,,2519,,0.6747540235519409,,,,,
2,,2529,,0.6394478678703308,,,,,
2,,2539,,0.6457759141921997,,,,,
2,,2549,,0.642607569694519,,,,,
2,,2559,,0.6707977056503296,,,,,
2,,2569,,0.6706935167312622,,,,,
2,,2579,,0.6661732792854309,,,,,
2,,2589,,0.6569889783859253,,,,,
2,,2599,,0.6357116103172302,,,,,
2,,2609,,0.6847038865089417,,,,,
2,,2619,,0.6572778224945068,,,,,
2,,2629,,0.6411110758781433,,,,,
2,,2639,,0.6531485319137573,,,,,
2,,2649,,0.6901354193687439,,,,,
2,,2659,,0.6696977615356445,,,,,
2,,2669,,0.6556680202484131,,,,,
2,,2679,,0.640540599822998,,,,,
2,,2689,,0.6814935803413391,,,,,
2,,2699,,0.6400072574615479,,,,,
2,,2709,,0.6504636406898499,,,,,
2,,2719,,0.6519840955734253,,,,,
2,,2729,,0.6735409498214722,,,,,
2,,2739,,0.6655916571617126,,,,,
2,,2749,,0.6818145513534546,,,,,
2,,2759,,0.6652777791023254,,,,,
2,,2762,,,0.34085214138031006,4761905.0,0.583825409412384,0.6817042827606201,0.6427347660064697
2,,2762,0.6656126379966736,,,,,,
,0.001,2763,,,,,,,
3,,2769,,0.6670008897781372,,,,,
3,,2779,,0.6493109464645386,,,,,
3,,2789,,0.6309412121772766,,,,,
3,,2799,,0.639529824256897,,,,,
3,,2809,,0.6551404595375061,,,,,
3,,2819,,0.6326773762702942,,,,,
3,,2829,,0.6944138407707214,,,,,
3,,2839,,0.6496937274932861,,,,,
3,,2849,,0.6310348510742188,,,,,
3,,2859,,0.659903883934021,,,,,
3,,2869,,0.6754501461982727,,,,,
3,,2879,,0.6559244990348816,,,,,
3,,2889,,0.6739916205406189,,,,,
3,,2899,,0.6755131483078003,,,,,
3,,2909,,0.6637077927589417,,,,,
3,,2919,,0.6621399521827698,,,,,
3,,2929,,0.642945408821106,,,,,
3,,2939,,0.6798313856124878,,,,,
3,,2949,,0.6803275942802429,,,,,
3,,2959,,0.6943272352218628,,,,,
3,,2969,,0.6795406341552734,,,,,
3,,2979,,0.6540614366531372,,,,,
3,,2989,,0.6640995740890503,,,,,
3,,2999,,0.6355198621749878,,,,,
3,,3009,,0.647376537322998,,,,,
3,,3019,,0.6622779965400696,,,,,
3,,3029,,0.6545540690422058,,,,,
3,,3039,,0.63348388671875,,,,,
3,,3049,,0.6558140516281128,,,,,
3,,3059,,0.6481715440750122,,,,,
3,,3069,,0.6713322401046753,,,,,
3,,3079,,0.669464111328125,,,,,
3,,3089,,0.6778000593185425,,,,,
3,,3099,,0.6663400530815125,,,,,
3,,3109,,0.6542401909828186,,,,,
3,,3119,,0.6643107533454895,,,,,
3,,3129,,0.6650347113609314,,,,,
3,,3139,,0.6634641289710999,,,,,
3,,3149,,0.6276496052742004,,,,,
3,,3159,,0.6778095960617065,,,,,
3,,3169,,0.6591687798500061,,,,,
3,,3179,,0.6577050089836121,,,,,
3,,3189,,0.6468208432197571,,,,,
3,,3199,,0.6546074748039246,,,,,
3,,3209,,0.6659925580024719,,,,,
3,,3219,,0.6328858733177185,,,,,
3,,3229,,0.6594172716140747,,,,,
3,,3239,,0.6662467122077942,,,,,
3,,3249,,0.6660614013671875,,,,,
3,,3259,,0.66265869140625,,,,,
3,,3269,,0.6497344970703125,,,,,
3,,3279,,0.67523193359375,,,,,
3,,3289,,0.673861026763916,,,,,
3,,3299,,0.6341498494148254,,,,,
3,,3309,,0.7067224979400635,,,,,
3,,3319,,0.687835693359375,,,,,
3,,3329,,0.6697061061859131,,,,,
3,,3339,,0.642082691192627,,,,,
3,,3349,,0.6591862440109253,,,,,
3,,3359,,0.6627873182296753,,,,,
3,,3369,,0.6702988147735596,,,,,
3,,3379,,0.6459046006202698,,,,,
3,,3389,,0.6456567049026489,,,,,
3,,3399,,0.6608840227127075,,,,,
3,,3409,,0.6945726275444031,,,,,
3,,3419,,0.6307189464569092,,,,,
3,,3429,,0.6629095673561096,,,,,
3,,3439,,0.6286681294441223,,,,,
3,,3449,,0.68268221616745,,,,,
3,,3459,,0.6439105272293091,,,,,
3,,3469,,0.645370364189148,,,,,
3,,3479,,0.6608167290687561,,,,,
3,,3489,,0.6380546689033508,,,,,
3,,3499,,0.6244074702262878,,,,,
3,,3509,,0.6659734845161438,,,,,
3,,3519,,0.6915175914764404,,,,,
3,,3529,,0.6576766967773438,,,,,
3,,3539,,0.6676483154296875,,,,,
3,,3549,,0.6462910175323486,,,,,
3,,3559,,0.6326884627342224,,,,,
3,,3569,,0.6646043062210083,,,,,
3,,3579,,0.6388254761695862,,,,,
3,,3589,,0.6284986138343811,,,,,
3,,3599,,0.6692569255828857,,,,,
3,,3609,,0.6719818115234375,,,,,
3,,3619,,0.6512898206710815,,,,,
3,,3629,,0.6656644940376282,,,,,
3,,3639,,0.6749435663223267,,,,,
3,,3649,,0.6641221046447754,,,,,
3,,3659,,0.6568756103515625,,,,,
3,,3669,,0.6473389863967896,,,,,
3,,3679,,0.6473132967948914,,,,,
3,,3683,,,0.3433583974838257,7769423.5,0.5859678983688354,0.6867167949676514,0.6206825375556946
3,,3683,0.661840558052063,,,,,,
,0.001,3684,,,,,,,
4,,3689,,0.6617540717124939,,,,,
4,,3699,,0.6261134147644043,,,,,
4,,3709,,0.6310399174690247,,,,,
4,,3719,,0.6288909912109375,,,,,
4,,3729,,0.6580352783203125,,,,,
4,,3739,,0.6562401652336121,,,,,
4,,3749,,0.6531394124031067,,,,,
4,,3759,,0.6567350029945374,,,,,
4,,3769,,0.6787930727005005,,,,,
4,,3779,,0.6388595104217529,,,,,
4,,3789,,0.6732461452484131,,,,,
4,,3799,,0.649415135383606,,,,,
4,,3809,,0.647673487663269,,,,,
4,,3819,,0.6716221570968628,,,,,
4,,3829,,0.6845681071281433,,,,,
4,,3839,,0.6574748158454895,,,,,
4,,3849,,0.67369145154953,,,,,
4,,3859,,0.6778308153152466,,,,,
4,,3869,,0.6395187377929688,,,,,
4,,3879,,0.6561320424079895,,,,,
4,,3889,,0.657988429069519,,,,,
4,,3899,,0.6773128509521484,,,,,
4,,3909,,0.6779000163078308,,,,,
4,,3919,,0.6548174619674683,,,,,
4,,3929,,0.6538609266281128,,,,,
4,,3939,,0.6583755016326904,,,,,
4,,3949,,0.6446631550788879,,,,,
4,,3959,,0.6704025268554688,,,,,
4,,3969,,0.6565546989440918,,,,,
4,,3979,,0.648023247718811,,,,,
4,,3989,,0.6877528429031372,,,,,
4,,3999,,0.6320277452468872,,,,,
4,,4009,,0.6284108757972717,,,,,
4,,4019,,0.6510652899742126,,,,,
4,,4029,,0.6702455878257751,,,,,
4,,4039,,0.6189956665039062,,,,,
4,,4049,,0.6518315076828003,,,,,
4,,4059,,0.6605449318885803,,,,,
4,,4069,,0.6604145765304565,,,,,
4,,4079,,0.6260105967521667,,,,,
4,,4089,,0.6381331086158752,,,,,
4,,4099,,0.663087010383606,,,,,
4,,4109,,0.6541388630867004,,,,,
4,,4119,,0.6336365342140198,,,,,
4,,4129,,0.637923002243042,,,,,
4,,4139,,0.6451019048690796,,,,,
4,,4149,,0.6464571356773376,,,,,
4,,4159,,0.6464713215827942,,,,,
4,,4169,,0.6446723341941833,,,,,
4,,4179,,0.646467924118042,,,,,
4,,4189,,0.6619107723236084,,,,,
4,,4199,,0.6391558051109314,,,,,
4,,4209,,0.6390402913093567,,,,,
4,,4219,,0.65760737657547,,,,,
4,,4229,,0.6640110015869141,,,,,
4,,4239,,0.6362282633781433,,,,,
4,,4249,,0.6433604955673218,,,,,
4,,4259,,0.629079282283783,,,,,
4,,4269,,0.6410588026046753,,,,,
4,,4279,,0.6606292724609375,,,,,
4,,4289,,0.6597917079925537,,,,,
4,,4299,,0.6790509819984436,,,,,
4,,4309,,0.6570509076118469,,,,,
4,,4319,,0.6680112481117249,,,,,
4,,4329,,0.644410252571106,,,,,
4,,4339,,0.6566281914710999,,,,,
4,,4349,,0.6795434951782227,,,,,
4,,4359,,0.6430516242980957,,,,,
4,,4369,,0.657958984375,,,,,
4,,4379,,0.6371546983718872,,,,,
4,,4389,,0.6391434073448181,,,,,
4,,4399,,0.6386675238609314,,,,,
4,,4409,,0.6167548298835754,,,,,
4,,4419,,0.6346598863601685,,,,,
4,,4429,,0.6440128087997437,,,,,
4,,4439,,0.6713272333145142,,,,,
4,,4449,,0.6366838812828064,,,,,
4,,4459,,0.6454471349716187,,,,,
4,,4469,,0.6812868118286133,,,,,
4,,4479,,0.660308837890625,,,,,
4,,4489,,0.6566098928451538,,,,,
4,,4499,,0.631661057472229,,,,,
4,,4509,,0.647957444190979,,,,,
4,,4519,,0.6353541612625122,,,,,
4,,4529,,0.671089768409729,,,,,
4,,4539,,0.6832331418991089,,,,,
4,,4549,,0.639159083366394,,,,,
4,,4559,,0.6581017374992371,,,,,
4,,4569,,0.6541715264320374,,,,,
4,,4579,,0.6476625800132751,,,,,
4,,4589,,0.6784098744392395,,,,,
4,,4599,,0.6708744764328003,,,,,
4,,4604,,,0.32581454515457153,4260652.0,0.5708016753196716,0.6516290903091431,0.6270749568939209
4,,4604,0.6571062803268433,,,,,,
,0.001,4605,,,,,,,
5,,4609,,0.6731821894645691,,,,,
5,,4619,,0.6504111289978027,,,,,
5,,4629,,0.6607578992843628,,,,,
5,,4639,,0.6617085933685303,,,,,
5,,4649,,0.6352353692054749,,,,,
5,,4659,,0.6631622314453125,,,,,
5,,4669,,0.660581648349762,,,,,
5,,4679,,0.6797714233398438,,,,,
5,,4689,,0.6972019076347351,,,,,
5,,4699,,0.6481025815010071,,,,,
5,,4709,,0.6763806939125061,,,,,
5,,4719,,0.6692122220993042,,,,,
5,,4729,,0.6555331349372864,,,,,
5,,4739,,0.6339491009712219,,,,,
5,,4749,,0.6601529717445374,,,,,
5,,4759,,0.6482892632484436,,,,,
5,,4769,,0.6317510008811951,,,,,
5,,4779,,0.6394391655921936,,,,,
5,,4789,,0.6526837944984436,,,,,
5,,4799,,0.6605306267738342,,,,,
5,,4809,,0.6069979071617126,,,,,
5,,4819,,0.6048193573951721,,,,,
5,,4829,,0.608995258808136,,,,,
5,,4839,,0.649443507194519,,,,,
5,,4849,,0.6546617150306702,,,,,
5,,4859,,0.66426020860672,,,,,
5,,4869,,0.6679010987281799,,,,,
5,,4879,,0.6544440984725952,,,,,
5,,4889,,0.6747480034828186,,,,,
5,,4899,,0.6372758746147156,,,,,
5,,4909,,0.6081178188323975,,,,,
5,,4919,,0.6378765106201172,,,,,
5,,4929,,0.6345661282539368,,,,,
5,,4939,,0.6426528096199036,,,,,
5,,4949,,0.6206917762756348,,,,,
5,,4959,,0.6676106452941895,,,,,
5,,4969,,0.6471077799797058,,,,,
5,,4979,,0.6854143738746643,,,,,
5,,4989,,0.6446507573127747,,,,,
5,,4999,,0.6584864854812622,,,,,
5,,5009,,0.6488484144210815,,,,,
5,,5019,,0.6360582113265991,,,,,
5,,5029,,0.6546930074691772,,,,,
5,,5039,,0.6526183485984802,,,,,
5,,5049,,0.64715576171875,,,,,
5,,5059,,0.6728231906890869,,,,,
5,,5069,,0.608002781867981,,,,,
5,,5079,,0.6424614787101746,,,,,
5,,5089,,0.6556603312492371,,,,,
5,,5099,,0.6747087836265564,,,,,
5,,5109,,0.645246684551239,,,,,
5,,5119,,0.6228681206703186,,,,,
5,,5129,,0.6692150831222534,,,,,
5,,5139,,0.6104162931442261,,,,,
5,,5149,,0.6389334797859192,,,,,
5,,5159,,0.6351318359375,,,,,
5,,5169,,0.6177290081977844,,,,,
5,,5179,,0.6433955430984497,,,,,
5,,5189,,0.6566815972328186,,,,,
5,,5199,,0.634745717048645,,,,,
5,,5209,,0.6257792711257935,,,,,
5,,5219,,0.6464865803718567,,,,,
5,,5229,,0.6895189881324768,,,,,
5,,5239,,0.6204760670661926,,,,,
5,,5249,,0.6180768609046936,,,,,
5,,5259,,0.6526702046394348,,,,,
5,,5269,,0.6278457641601562,,,,,
5,,5279,,0.6466227769851685,,,,,
5,,5289,,0.6729097366333008,,,,,
5,,5299,,0.6364266276359558,,,,,
5,,5309,,0.6732820868492126,,,,,
5,,5319,,0.6778473854064941,,,,,
5,,5329,,0.6769846677780151,,,,,
5,,5339,,0.6119649410247803,,,,,
5,,5349,,0.6435667872428894,,,,,
5,,5359,,0.6571080684661865,,,,,
5,,5369,,0.6112364530563354,,,,,
5,,5379,,0.6570143103599548,,,,,
5,,5389,,0.6231842041015625,,,,,
5,,5399,,0.6501612067222595,,,,,
5,,5409,,0.6740637421607971,,,,,
5,,5419,,0.6602094173431396,,,,,
5,,5429,,0.6199526190757751,,,,,
5,,5439,,0.6419939398765564,,,,,
5,,5449,,0.651957631111145,,,,,
5,,5459,,0.6647491455078125,,,,,
5,,5469,,0.6351242065429688,,,,,
5,,5479,,0.6383339166641235,,,,,
5,,5489,,0.6430892944335938,,,,,
5,,5499,,0.6377967596054077,,,,,
5,,5509,,0.6562641859054565,,,,,
5,,5519,,0.6348791718482971,,,,,
5,,5525,,,0.33834585547447205,3258145.0,0.5816750526428223,0.6766917109489441,0.6123670339584351
5,,5525,0.6495230197906494,,,,,,
,0.001,5526,,,,,,,
6,,5529,,0.6248192191123962,,,,,
6,,5539,,0.6282564997673035,,,,,
6,,5549,,0.6427543759346008,,,,,
6,,5559,,0.6434151530265808,,,,,
6,,5569,,0.6219744086265564,,,,,
6,,5579,,0.6480320692062378,,,,,
6,,5589,,0.6310485005378723,,,,,
6,,5599,,0.6279723644256592,,,,,
6,,5609,,0.6199591755867004,,,,,
6,,5619,,0.6802880167961121,,,,,
6,,5629,,0.6565778851509094,,,,,
6,,5639,,0.6422980427742004,,,,,
6,,5649,,0.6620566248893738,,,,,
6,,5659,,0.6275683641433716,,,,,
6,,5669,,0.61906498670578,,,,,
6,,5679,,0.6918694376945496,,,,,
6,,5689,,0.6379860043525696,,,,,
6,,5699,,0.6585617065429688,,,,,
6,,5709,,0.6320765614509583,,,,,
6,,5719,,0.6359560489654541,,,,,
6,,5729,,0.6588513255119324,,,,,
6,,5739,,0.6394981741905212,,,,,
6,,5749,,0.6578243970870972,,,,,
6,,5759,,0.6138404011726379,,,,,
6,,5769,,0.627580463886261,,,,,
6,,5779,,0.6304064989089966,,,,,
6,,5789,,0.6457633972167969,,,,,
6,,5799,,0.5987091064453125,,,,,
6,,5809,,0.6326838731765747,,,,,
6,,5819,,0.6437519788742065,,,,,
6,,5829,,0.6632674336433411,,,,,
6,,5839,,0.642699658870697,,,,,
6,,5849,,0.6324701309204102,,,,,
6,,5859,,0.6436419486999512,,,,,
6,,5869,,0.6018355488777161,,,,,
6,,5879,,0.6329727172851562,,,,,
6,,5889,,0.6402722001075745,,,,,
6,,5899,,0.6489208936691284,,,,,
6,,5909,,0.6071184873580933,,,,,
6,,5919,,0.6584776639938354,,,,,
6,,5929,,0.6544550061225891,,,,,
6,,5939,,0.6713362336158752,,,,,
6,,5949,,0.6172119975090027,,,,,
6,,5959,,0.673827588558197,,,,,
6,,5969,,0.6811383962631226,,,,,
6,,5979,,0.5807088017463684,,,,,
6,,5989,,0.6295127868652344,,,,,
6,,5999,,0.6718586683273315,,,,,
6,,6009,,0.6640090942382812,,,,,
6,,6019,,0.6267120242118835,,,,,
6,,6029,,0.6269124746322632,,,,,
6,,6039,,0.614128589630127,,,,,
6,,6049,,0.6228463053703308,,,,,
6,,6059,,0.6745147705078125,,,,,
6,,6069,,0.6153932809829712,,,,,
6,,6079,,0.6413033604621887,,,,,
6,,6089,,0.6432108879089355,,,,,
6,,6099,,0.6188169121742249,,,,,
6,,6109,,0.6462541222572327,,,,,
6,,6119,,0.6217781901359558,,,,,
6,,6129,,0.597144365310669,,,,,
6,,6139,,0.6097975969314575,,,,,
6,,6149,,0.6633896231651306,,,,,
6,,6159,,0.6338171362876892,,,,,
6,,6169,,0.5903199911117554,,,,,
6,,6179,,0.6531617641448975,,,,,
6,,6189,,0.6440331339836121,,,,,
6,,6199,,0.6405671834945679,,,,,
6,,6209,,0.6494211554527283,,,,,
6,,6219,,0.619636595249176,,,,,
6,,6229,,0.6108458042144775,,,,,
6,,6239,,0.6532483696937561,,,,,
6,,6249,,0.6350366473197937,,,,,
6,,6259,,0.6586124300956726,,,,,
6,,6269,,0.6238714456558228,,,,,
6,,6279,,0.6361982226371765,,,,,
6,,6289,,0.622425377368927,,,,,
6,,6299,,0.6443403363227844,,,,,
6,,6309,,0.6482295989990234,,,,,
6,,6319,,0.6194033026695251,,,,,
6,,6329,,0.6614754796028137,,,,,
6,,6339,,0.6862027049064636,,,,,
6,,6349,,0.6480816602706909,,,,,
6,,6359,,0.6331707835197449,,,,,
6,,6369,,0.5684547424316406,,,,,
6,,6379,,0.6597872972488403,,,,,
6,,6389,,0.6609115600585938,,,,,
6,,6399,,0.6586085557937622,,,,,
6,,6409,,0.6311212182044983,,,,,
6,,6419,,0.5756132006645203,,,,,
6,,6429,,0.5944595336914062,,,,,
6,,6439,,0.6566439867019653,,,,,
6,,6446,,,0.33834585547447205,6265664.0,0.5816750526428223,0.6766917109489441,0.6139650344848633
6,,6446,0.6383912563323975,,,,,,
,0.001,6447,,,,,,,
7,,6449,,0.6177139282226562,,,,,
7,,6459,,0.6494492292404175,,,,,
7,,6469,,0.6236626505851746,,,,,
7,,6479,,0.6539022922515869,,,,,
7,,6489,,0.6185716986656189,,,,,
7,,6499,,0.623194694519043,,,,,
7,,6509,,0.5971989035606384,,,,,
7,,6519,,0.6229342818260193,,,,,
7,,6529,,0.620882511138916,,,,,
7,,6539,,0.6762902736663818,,,,,
7,,6549,,0.6086965203285217,,,,,
7,,6559,,0.6238754987716675,,,,,
7,,6569,,0.6290404796600342,,,,,
7,,6579,,0.6441138386726379,,,,,
7,,6589,,0.6014884114265442,,,,,
7,,6599,,0.6508870720863342,,,,,
7,,6609,,0.6014284491539001,,,,,
7,,6619,,0.6365266442298889,,,,,
7,,6629,,0.6377403736114502,,,,,
7,,6639,,0.5807920098304749,,,,,
7,,6649,,0.6350375413894653,,,,,
7,,6659,,0.6081412434577942,,,,,
7,,6669,,0.6186537146568298,,,,,
7,,6679,,0.6138400435447693,,,,,
7,,6689,,0.6238381862640381,,,,,
7,,6699,,0.5698395371437073,,,,,
7,,6709,,0.654998242855072,,,,,
7,,6719,,0.6218382120132446,,,,,
7,,6729,,0.6137322783470154,,,,,
7,,6739,,0.6445581316947937,,,,,
7,,6749,,0.6175690293312073,,,,,
7,,6759,,0.6265187859535217,,,,,
7,,6769,,0.6304470300674438,,,,,
7,,6779,,0.5815478563308716,,,,,
7,,6789,,0.654570996761322,,,,,
7,,6799,,0.6531680822372437,,,,,
7,,6809,,0.5973383784294128,,,,,
7,,6819,,0.6072708964347839,,,,,
7,,6829,,0.6265262365341187,,,,,
7,,6839,,0.6108128428459167,,,,,
7,,6849,,0.6540265679359436,,,,,
7,,6859,,0.6051555275917053,,,,,
7,,6869,,0.6362594962120056,,,,,
7,,6879,,0.6260228753089905,,,,,
7,,6889,,0.6312673091888428,,,,,
7,,6899,,0.603000819683075,,,,,
7,,6909,,0.630034863948822,,,,,
7,,6919,,0.6591283679008484,,,,,
7,,6929,,0.6443600654602051,,,,,
7,,6939,,0.6440282464027405,,,,,
7,,6949,,0.5589845180511475,,,,,
7,,6959,,0.591109037399292,,,,,
7,,6969,,0.6049588322639465,,,,,
7,,6979,,0.6679954528808594,,,,,
7,,6989,,0.5997833013534546,,,,,
7,,6999,,0.6327977776527405,,,,,
7,,7009,,0.6428040862083435,,,,,
7,,7019,,0.6307669878005981,,,,,
7,,7029,,0.5894783735275269,,,,,
7,,7039,,0.6318817138671875,,,,,
7,,7049,,0.6034252047538757,,,,,
7,,7059,,0.5835782885551453,,,,,
7,,7069,,0.6162049174308777,,,,,
7,,7079,,0.6099907755851746,,,,,
7,,7089,,0.6234673261642456,,,,,
7,,7099,,0.6398613452911377,,,,,
7,,7109,,0.6350133419036865,,,,,
7,,7119,,0.6377766728401184,,,,,
7,,7129,,0.6299727559089661,,,,,
7,,7139,,0.6177607178688049,,,,,
7,,7149,,0.6352469325065613,,,,,
7,,7159,,0.6209216713905334,,,,,
7,,7169,,0.6217249035835266,,,,,
7,,7179,,0.6241027116775513,,,,,
7,,7189,,0.6344107985496521,,,,,
7,,7199,,0.6489932537078857,,,,,
7,,7209,,0.6253155469894409,,,,,
7,,7219,,0.6060723662376404,,,,,
7,,7229,,0.5833097100257874,,,,,
7,,7239,,0.5680931210517883,,,,,
7,,7249,,0.6597817540168762,,,,,
7,,7259,,0.6183757185935974,,,,,
7,,7269,,0.6192666888237,,,,,
7,,7279,,0.5978395342826843,,,,,
7,,7289,,0.5857410430908203,,,,,
7,,7299,,0.611721932888031,,,,,
7,,7309,,0.5976172685623169,,,,,
7,,7319,,0.5932731628417969,,,,,
7,,7329,,0.6288127303123474,,,,,
7,,7339,,0.6350018382072449,,,,,
7,,7349,,0.6080716848373413,,,,,
7,,7359,,0.6322667002677917,,,,,
7,,7367,,,0.34085214138031006,7268170.5,0.583825409412384,0.6817042827606201,0.6050733327865601
7,,7367,0.6219377517700195,,,,,,
,0.001,7368,,,,,,,
8,,7369,,0.6191478967666626,,,,,
8,,7379,,0.5656170845031738,,,,,
8,,7389,,0.6062840223312378,,,,,
8,,7399,,0.581172525882721,,,,,
8,,7409,,0.5908291339874268,,,,,
8,,7419,,0.6245681047439575,,,,,
8,,7429,,0.58186274766922,,,,,
8,,7439,,0.6275565028190613,,,,,
8,,7449,,0.614183247089386,,,,,
8,,7459,,0.6156198978424072,,,,,
8,,7469,,0.620543360710144,,,,,
8,,7479,,0.5438774824142456,,,,,
8,,7489,,0.6568916440010071,,,,,
8,,7499,,0.6086623072624207,,,,,
8,,7509,,0.6187784075737,,,,,
8,,7519,,0.6059756875038147,,,,,
8,,7529,,0.6067168712615967,,,,,
8,,7539,,0.6222298741340637,,,,,
8,,7549,,0.5875810980796814,,,,,
8,,7559,,0.6000449061393738,,,,,
8,,7569,,0.6359615325927734,,,,,
8,,7579,,0.6112998127937317,,,,,
8,,7589,,0.5840827226638794,,,,,
8,,7599,,0.6442737579345703,,,,,
8,,7609,,0.6359199285507202,,,,,
8,,7619,,0.5813002586364746,,,,,
8,,7629,,0.5890697240829468,,,,,
8,,7639,,0.6197061538696289,,,,,
8,,7649,,0.6462420225143433,,,,,
8,,7659,,0.582237720489502,,,,,
8,,7669,,0.5902413725852966,,,,,
8,,7679,,0.592559814453125,,,,,
8,,7689,,0.6012378334999084,,,,,
8,,7699,,0.597412645816803,,,,,
8,,7709,,0.6124789118766785,,,,,
8,,7719,,0.5839999318122864,,,,,
8,,7729,,0.574856162071228,,,,,
8,,7739,,0.602782130241394,,,,,
8,,7749,,0.6305716633796692,,,,,
8,,7759,,0.5771063566207886,,,,,
8,,7769,,0.5508963465690613,,,,,
8,,7779,,0.6138777136802673,,,,,
8,,7789,,0.5748142004013062,,,,,
8,,7799,,0.5458590984344482,,,,,
8,,7809,,0.5887908935546875,,,,,
8,,7819,,0.6205437779426575,,,,,
8,,7829,,0.6043001413345337,,,,,
8,,7839,,0.5967079997062683,,,,,
8,,7849,,0.5882231593132019,,,,,
8,,7859,,0.6195011138916016,,,,,
8,,7869,,0.5733974575996399,,,,,
8,,7879,,0.59787517786026,,,,,
8,,7889,,0.6034167408943176,,,,,
8,,7899,,0.6273444294929504,,,,,
8,,7909,,0.6122392416000366,,,,,
8,,7919,,0.6283113360404968,,,,,
8,,7929,,0.6103360056877136,,,,,
8,,7939,,0.6055344939231873,,,,,
8,,7949,,0.58504718542099,,,,,
8,,7959,,0.5701071619987488,,,,,
8,,7969,,0.5868598222732544,,,,,
8,,7979,,0.6039449572563171,,,,,
8,,7989,,0.6047574281692505,,,,,
8,,7999,,0.6276391744613647,,,,,
8,,8009,,0.6079597473144531,,,,,
8,,8019,,0.5999752879142761,,,,,
8,,8029,,0.5996236205101013,,,,,
8,,8039,,0.5625953674316406,,,,,
8,,8049,,0.5653918385505676,,,,,
8,,8059,,0.6313053965568542,,,,,
8,,8069,,0.578907310962677,,,,,
8,,8079,,0.6108807325363159,,,,,
8,,8089,,0.5727856755256653,,,,,
8,,8099,,0.6210250854492188,,,,,
8,,8109,,0.5821352005004883,,,,,
8,,8119,,0.6287059783935547,,,,,
8,,8129,,0.5934227705001831,,,,,
8,,8139,,0.5996521711349487,,,,,
8,,8149,,0.5818552374839783,,,,,
8,,8159,,0.636328935623169,,,,,
8,,8169,,0.5797844529151917,,,,,
8,,8179,,0.5982709527015686,,,,,
8,,8189,,0.5743101239204407,,,,,
8,,8199,,0.6200131177902222,,,,,
8,,8209,,0.6107079386711121,,,,,
8,,8219,,0.5878905057907104,,,,,
8,,8229,,0.6069014668464661,,,,,
8,,8239,,0.5807364583015442,,,,,
8,,8249,,0.6387628316879272,,,,,
8,,8259,,0.5953864455223083,,,,,
8,,8269,,0.6539521217346191,,,,,
8,,8279,,0.5690486431121826,,,,,
8,,8288,,,0.3709273040294647,12280701.0,0.6090379953384399,0.7418546080589294,0.6112472414970398
8,,8288,0.6019392013549805,,,,,,
,0.001,8289,,,,,,,
9,,8289,,0.5481435656547546,,,,,
9,,8299,,0.5625579357147217,,,,,
9,,8309,,0.6336612701416016,,,,,
9,,8319,,0.6227325797080994,,,,,
9,,8329,,0.5527839660644531,,,,,
9,,8339,,0.5755563974380493,,,,,
9,,8349,,0.6299670338630676,,,,,
9,,8359,,0.5641633868217468,,,,,
9,,8369,,0.559282660484314,,,,,
9,,8379,,0.5976864099502563,,,,,
9,,8389,,0.525640070438385,,,,,
9,,8399,,0.5896516442298889,,,,,
9,,8409,,0.564422607421875,,,,,
9,,8419,,0.5821225047111511,,,,,
9,,8429,,0.5726971626281738,,,,,
9,,8439,,0.564880907535553,,,,,
9,,8449,,0.6376082897186279,,,,,
9,,8459,,0.6077714562416077,,,,,
9,,8469,,0.5561425685882568,,,,,
9,,8479,,0.6119359135627747,,,,,
9,,8489,,0.5824795961380005,,,,,
9,,8499,,0.5851531028747559,,,,,
9,,8509,,0.5972686409950256,,,,,
9,,8519,,0.5431960225105286,,,,,
9,,8529,,0.5869178771972656,,,,,
9,,8539,,0.5881739854812622,,,,,
9,,8549,,0.5779034495353699,,,,,
9,,8559,,0.5448604822158813,,,,,
9,,8569,,0.5734439492225647,,,,,
9,,8579,,0.5720965266227722,,,,,
9,,8589,,0.6008386015892029,,,,,
9,,8599,,0.5713468194007874,,,,,
9,,8609,,0.562451958656311,,,,,
9,,8619,,0.6309400200843811,,,,,
9,,8629,,0.5888864994049072,,,,,
9,,8639,,0.5871343612670898,,,,,
9,,8649,,0.570430338382721,,,,,
9,,8659,,0.6193894147872925,,,,,
9,,8669,,0.5473876595497131,,,,,
9,,8679,,0.6056200265884399,,,,,
9,,8689,,0.579713761806488,,,,,
9,,8699,,0.565268337726593,,,,,
9,,8709,,0.5182211995124817,,,,,
9,,8719,,0.605208158493042,,,,,
9,,8729,,0.5939468145370483,,,,,
9,,8739,,0.5875670313835144,,,,,
9,,8749,,0.5882572531700134,,,,,
9,,8759,,0.5777773857116699,,,,,
9,,8769,,0.548975944519043,,,,,
9,,8779,,0.5590512156486511,,,,,
9,,8789,,0.609181821346283,,,,,
9,,8799,,0.578856885433197,,,,,
9,,8809,,0.5625373721122742,,,,,
9,,8819,,0.5620282888412476,,,,,
9,,8829,,0.6200681328773499,,,,,
9,,8839,,0.5959881544113159,,,,,
9,,8849,,0.6114280819892883,,,,,
9,,8859,,0.5993872880935669,,,,,
9,,8869,,0.5920203328132629,,,,,
9,,8879,,0.593809962272644,,,,,
9,,8889,,0.5540174245834351,,,,,
9,,8899,,0.6065468788146973,,,,,
9,,8909,,0.6147136688232422,,,,,
9,,8919,,0.6146288514137268,,,,,
9,,8929,,0.5688139200210571,,,,,
9,,8939,,0.6140069961547852,,,,,
9,,8949,,0.5811839699745178,,,,,
9,,8959,,0.593766987323761,,,,,
9,,8969,,0.5675341486930847,,,,,
9,,8979,,0.5930755734443665,,,,,
9,,8989,,0.5486732721328735,,,,,
9,,8999,,0.5479424595832825,,,,,
9,,9009,,0.5491555333137512,,,,,
9,,9019,,0.5614510178565979,,,,,
9,,9029,,0.5522167682647705,,,,,
9,,9039,,0.5582772493362427,,,,,
9,,9049,,0.5432645678520203,,,,,
9,,9059,,0.5507045388221741,,,,,
9,,9069,,0.5556784868240356,,,,,
9,,9079,,0.6319199800491333,,,,,
9,,9089,,0.5816635489463806,,,,,
9,,9099,,0.6176804900169373,,,,,
9,,9109,,0.5886145830154419,,,,,
9,,9119,,0.5837688446044922,,,,,
9,,9129,,0.5697185397148132,,,,,
9,,9139,,0.5494213104248047,,,,,
9,,9149,,0.5811953544616699,,,,,
9,,9159,,0.5918743014335632,,,,,
9,,9169,,0.5906301140785217,,,,,
9,,9179,,0.6245723366737366,,,,,
9,,9189,,0.5611757636070251,,,,,
9,,9199,,0.5984843373298645,,,,,
9,,9209,,0.5428298115730286,,,,,
9,,9209,,,0.3709273040294647,12280701.0,0.6090379953384399,0.7418546080589294,0.6542409658432007
9,,9209,0.5849646329879761,,,,,,
,0.001,9210,,,,,,,
10,,9219,,0.571235179901123,,,,,
10,,9229,,0.6087515354156494,,,,,
10,,9239,,0.6028643846511841,,,,,
10,,9249,,0.6339093446731567,,,,,
10,,9259,,0.5527637004852295,,,,,
10,,9269,,0.578965425491333,,,,,
10,,9279,,0.5290344953536987,,,,,
10,,9289,,0.5786503553390503,,,,,
10,,9299,,0.5976366400718689,,,,,
10,,9309,,0.5747121572494507,,,,,
10,,9319,,0.6130356192588806,,,,,
10,,9329,,0.5723745226860046,,,,,
10,,9339,,0.5333908796310425,,,,,
10,,9349,,0.6315942406654358,,,,,
10,,9359,,0.5954313278198242,,,,,
10,,9369,,0.5638463497161865,,,,,
10,,9379,,0.5959852933883667,,,,,
10,,9389,,0.6079396605491638,,,,,
10,,9399,,0.6071426272392273,,,,,
10,,9409,,0.5860587358474731,,,,,
10,,9419,,0.5813289880752563,,,,,
10,,9429,,0.5772282481193542,,,,,
10,,9439,,0.5641066431999207,,,,,
10,,9449,,0.5731337666511536,,,,,
10,,9459,,0.6007981300354004,,,,,
10,,9469,,0.5543149709701538,,,,,
10,,9479,,0.589320957660675,,,,,
10,,9489,,0.5264662504196167,,,,,
10,,9499,,0.5732255578041077,,,,,
10,,9509,,0.581366777420044,,,,,
10,,9519,,0.5325315594673157,,,,,
10,,9529,,0.5472816228866577,,,,,
10,,9539,,0.5383073687553406,,,,,
10,,9549,,0.545186460018158,,,,,
10,,9559,,0.5554366707801819,,,,,
10,,9569,,0.5984780192375183,,,,,
10,,9579,,0.5934322476387024,,,,,
10,,9589,,0.5549004673957825,,,,,
10,,9599,,0.596270740032196,,,,,
10,,9609,,0.6043758988380432,,,,,
10,,9619,,0.5199739336967468,,,,,
10,,9629,,0.5864838361740112,,,,,
10,,9639,,0.6126314997673035,,,,,
10,,9649,,0.561626672744751,,,,,
10,,9659,,0.5743361115455627,,,,,
10,,9669,,0.5453847050666809,,,,,
10,,9679,,0.5326449871063232,,,,,
10,,9689,,0.6004214882850647,,,,,
10,,9699,,0.6021808385848999,,,,,
10,,9709,,0.5612989068031311,,,,,
10,,9719,,0.54233318567276,,,,,
10,,9729,,0.569280743598938,,,,,
10,,9739,,0.5836446285247803,,,,,
10,,9749,,0.5801546573638916,,,,,
10,,9759,,0.581817626953125,,,,,
10,,9769,,0.5733259320259094,,,,,
10,,9779,,0.5740371346473694,,,,,
10,,9789,,0.5567306280136108,,,,,
10,,9799,,0.49784114956855774,,,,,
10,,9809,,0.5947051048278809,,,,,
10,,9819,,0.5351875424385071,,,,,
10,,9829,,0.5771862864494324,,,,,
10,,9839,,0.5362587571144104,,,,,
10,,9849,,0.536990761756897,,,,,
10,,9859,,0.5874955058097839,,,,,
10,,9869,,0.5921472311019897,,,,,
10,,9879,,0.5552237629890442,,,,,
10,,9889,,0.5544456839561462,,,,,
10,,9899,,0.5694095492362976,,,,,
10,,9909,,0.5500110983848572,,,,,
10,,9919,,0.6054365038871765,,,,,
10,,9929,,0.5465331673622131,,,,,
10,,9939,,0.5767935514450073,,,,,
10,,9949,,0.5556010007858276,,,,,
10,,9959,,0.5695762634277344,,,,,
10,,9969,,0.5478436350822449,,,,,
10,,9979,,0.5679324269294739,,,,,
10,,9989,,0.5326382517814636,,,,,
10,,9999,,0.5271660089492798,,,,,
10,,10009,,0.5410123467445374,,,,,
10,,10019,,0.563203752040863,,,,,
10,,10029,,0.5627356767654419,,,,,
10,,10039,,0.5370315313339233,,,,,
10,,10049,,0.5532729625701904,,,,,
10,,10059,,0.5795561671257019,,,,,
10,,10069,,0.6027225255966187,,,,,
10,,10079,,0.5836918950080872,,,,,
10,,10089,,0.5972854495048523,,,,,
10,,10099,,0.5014605522155762,,,,,
10,,10109,,0.5817986130714417,,,,,
10,,10119,,0.5418909788131714,,,,,
10,,10129,,0.5571625232696533,,,,,
10,,10130,,,0.35338345170021057,9022556.0,0.594460666179657,0.7067669034004211,0.6918461322784424
10,,10130,0.5685059428215027,,,,,,
,0.001,10131,,,,,,,
11,,10139,,0.6094406843185425,,,,,
11,,10149,,0.5360301733016968,,,,,
11,,10159,,0.5608071088790894,,,,,
11,,10169,,0.571018397808075,,,,,
11,,10179,,0.5608455538749695,,,,,
11,,10189,,0.5745643973350525,,,,,
11,,10199,,0.5926054120063782,,,,,
11,,10209,,0.5789889693260193,,,,,
11,,10219,,0.5357298254966736,,,,,
11,,10229,,0.5498304963111877,,,,,
11,,10239,,0.5992584824562073,,,,,
11,,10249,,0.5430417656898499,,,,,
11,,10259,,0.5670326948165894,,,,,
11,,10269,,0.564729630947113,,,,,
11,,10279,,0.5728911757469177,,,,,
11,,10289,,0.5596278309822083,,,,,
11,,10299,,0.560985803604126,,,,,
11,,10309,,0.5367146134376526,,,,,
11,,10319,,0.528162956237793,,,,,
11,,10329,,0.5375856757164001,,,,,
11,,10339,,0.5585983395576477,,,,,
11,,10349,,0.5497076511383057,,,,,
11,,10359,,0.5712646842002869,,,,,
11,,10369,,0.5324551463127136,,,,,
11,,10379,,0.5738046765327454,,,,,
11,,10389,,0.5895464420318604,,,,,
11,,10399,,0.5647983551025391,,,,,
11,,10409,,0.5582401156425476,,,,,
11,,10419,,0.5412482619285583,,,,,
11,,10429,,0.5075640678405762,,,,,
11,,10439,,0.5300980806350708,,,,,
11,,10449,,0.5740861296653748,,,,,
11,,10459,,0.5348904728889465,,,,,
11,,10469,,0.5458310842514038,,,,,
11,,10479,,0.4977289140224457,,,,,
11,,10489,,0.588761568069458,,,,,
11,,10499,,0.5218132734298706,,,,,
11,,10509,,0.5857557654380798,,,,,
11,,10519,,0.5327998995780945,,,,,
11,,10529,,0.6381533741950989,,,,,
11,,10539,,0.5778290629386902,,,,,
11,,10549,,0.5021612644195557,,,,,
11,,10559,,0.5337464213371277,,,,,
11,,10569,,0.5748082995414734,,,,,
11,,10579,,0.5484613180160522,,,,,
11,,10589,,0.541549026966095,,,,,
11,,10599,,0.5307310223579407,,,,,
11,,10609,,0.5052912831306458,,,,,
11,,10619,,0.5522832870483398,,,,,
11,,10629,,0.5377020239830017,,,,,
11,,10639,,0.5292292833328247,,,,,
11,,10649,,0.5599349737167358,,,,,
11,,10659,,0.6499552130699158,,,,,
11,,10669,,0.6020077466964722,,,,,
11,,10679,,0.5041393637657166,,,,,
11,,10689,,0.5391873121261597,,,,,
11,,10699,,0.5573068857192993,,,,,
11,,10709,,0.5328084230422974,,,,,
11,,10719,,0.5358583331108093,,,,,
11,,10729,,0.5676556825637817,,,,,
11,,10739,,0.5008022785186768,,,,,
11,,10749,,0.5366978645324707,,,,,
11,,10759,,0.5556353330612183,,,,,
11,,10769,,0.5026468634605408,,,,,
11,,10779,,0.5051247477531433,,,,,
11,,10789,,0.5992547869682312,,,,,
11,,10799,,0.5231685042381287,,,,,
11,,10809,,0.5984441041946411,,,,,
11,,10819,,0.5903993248939514,,,,,
11,,10829,,0.604315996170044,,,,,
11,,10839,,0.505039632320404,,,,,
11,,10849,,0.6168287992477417,,,,,
11,,10859,,0.5212717652320862,,,,,
11,,10869,,0.568051815032959,,,,,
11,,10879,,0.5668852925300598,,,,,
11,,10889,,0.5120440125465393,,,,,
11,,10899,,0.5965766906738281,,,,,
11,,10909,,0.5650924444198608,,,,,
11,,10919,,0.6127476096153259,,,,,
11,,10929,,0.5410436391830444,,,,,
11,,10939,,0.5277304649353027,,,,,
11,,10949,,0.5215759873390198,,,,,
11,,10959,,0.5069830417633057,,,,,
11,,10969,,0.5572799444198608,,,,,
11,,10979,,0.5728521347045898,,,,,
11,,10989,,0.540864884853363,,,,,
11,,10999,,0.5647774338722229,,,,,
11,,11009,,0.598465621471405,,,,,
11,,11019,,0.5247370004653931,,,,,
11,,11029,,0.5337986350059509,,,,,
11,,11039,,0.5550292730331421,,,,,
11,,11049,,0.5330368280410767,,,,,
11,,11051,,,0.3358395993709564,10275690.0,0.5795167088508606,0.6716791987419128,0.6465913653373718
11,,11051,0.5482697486877441,,,,,,
,0.0005,11052,,,,,,,
12,,11059,,0.5390844941139221,,,,,
12,,11069,,0.496919184923172,,,,,
12,,11079,,0.5851963758468628,,,,,
12,,11089,,0.5294254422187805,,,,,
12,,11099,,0.4871017038822174,,,,,
12,,11109,,0.47844070196151733,,,,,
12,,11119,,0.5049554109573364,,,,,
12,,11129,,0.5800080299377441,,,,,
12,,11139,,0.5187699794769287,,,,,
12,,11149,,0.5334323644638062,,,,,
12,,11159,,0.5214100480079651,,,,,
12,,11169,,0.5361869931221008,,,,,
12,,11179,,0.46264585852622986,,,,,
12,,11189,,0.5122857093811035,,,,,
12,,11199,,0.47003546357154846,,,,,
12,,11209,,0.5874847769737244,,,,,
12,,11219,,0.5018954277038574,,,,,
12,,11229,,0.5402036905288696,,,,,
12,,11239,,0.5223934054374695,,,,,
12,,11249,,0.5433010458946228,,,,,
12,,11259,,0.5327475666999817,,,,,
12,,11269,,0.5061887502670288,,,,,
12,,11279,,0.48087286949157715,,,,,
12,,11289,,0.5124953985214233,,,,,
12,,11299,,0.5486869215965271,,,,,
12,,11309,,0.5000919699668884,,,,,
12,,11319,,0.43775802850723267,,,,,
12,,11329,,0.5841342806816101,,,,,
12,,11339,,0.49396950006484985,,,,,
12,,11349,,0.5172793865203857,,,,,
12,,11359,,0.4827490448951721,,,,,
12,,11369,,0.5137731432914734,,,,,
12,,11379,,0.5075011849403381,,,,,
12,,11389,,0.5407580137252808,,,,,
12,,11399,,0.520532488822937,,,,,
12,,11409,,0.4864530861377716,,,,,
12,,11419,,0.49678105115890503,,,,,
12,,11429,,0.5591469407081604,,,,,
12,,11439,,0.5244407057762146,,,,,
12,,11449,,0.5098515748977661,,,,,
12,,11459,,0.510028064250946,,,,,
12,,11469,,0.5286409854888916,,,,,
12,,11479,,0.49462890625,,,,,
12,,11489,,0.5706427097320557,,,,,
12,,11499,,0.4894322156906128,,,,,
12,,11509,,0.4923456013202667,,,,,
12,,11519,,0.51259446144104,,,,,
12,,11529,,0.5087618827819824,,,,,
12,,11539,,0.5259836912155151,,,,,
12,,11549,,0.49418139457702637,,,,,
12,,11559,,0.5483551025390625,,,,,
12,,11569,,0.5334802865982056,,,,,
12,,11579,,0.5390576124191284,,,,,
12,,11589,,0.4602380096912384,,,,,
12,,11599,,0.5359733700752258,,,,,
12,,11609,,0.47297239303588867,,,,,
12,,11619,,0.5666161179542542,,,,,
12,,11629,,0.5455449223518372,,,,,
12,,11639,,0.5134254097938538,,,,,
12,,11649,,0.49957042932510376,,,,,
12,,11659,,0.5117926597595215,,,,,
12,,11669,,0.5424191355705261,,,,,
12,,11679,,0.4838542938232422,,,,,
12,,11689,,0.4945022165775299,,,,,
12,,11699,,0.5080510377883911,,,,,
12,,11709,,0.5540409684181213,,,,,
12,,11719,,0.5008016228675842,,,,,
12,,11729,,0.4929042160511017,,,,,
12,,11739,,0.46504151821136475,,,,,
12,,11749,,0.5122725367546082,,,,,
12,,11759,,0.4856260418891907,,,,,
12,,11769,,0.5263375639915466,,,,,
12,,11779,,0.5154491662979126,,,,,
12,,11789,,0.450813353061676,,,,,
12,,11799,,0.5278816223144531,,,,,
12,,11809,,0.5149405002593994,,,,,
12,,11819,,0.49480924010276794,,,,,
12,,11829,,0.48111677169799805,,,,,
12,,11839,,0.46228092908859253,,,,,
12,,11849,,0.49736595153808594,,,,,
12,,11859,,0.5389726758003235,,,,,
12,,11869,,0.5090125203132629,,,,,
12,,11879,,0.48632943630218506,,,,,
12,,11889,,0.5441153645515442,,,,,
12,,11899,,0.4888227880001068,,,,,
12,,11909,,0.48883092403411865,,,,,
12,,11919,,0.4944443106651306,,,,,
12,,11929,,0.4593166708946228,,,,,
12,,11939,,0.49134373664855957,,,,,
12,,11949,,0.5177152156829834,,,,,
12,,11959,,0.4840843379497528,,,,,
12,,11969,,0.4800370931625366,,,,,
12,,11972,,,0.3558897376060486,11779449.0,0.5965650081634521,0.7117794752120972,0.7142965197563171
12,,11972,0.5115787982940674,,,,,,
